상품번호,옵션정보,디자인코드,길이
282153807,"디자인: 로지 / 벽지종류: 두께10mm / 폭1m (고급형) / 길이(수량추가): +2.5m","10T벽지:로지",2.5
282153807,"디자인: 로지 / 벽지종류: 두께5mm / 폭1m (일반형) / 길이(수량추가): +2.5m","5T벽지:로지",2.5
282153807,"디자인: 스폿그레이 / 벽지종류: 두께10mm / 폭1m (고급형) / 길이(수량추가): +2.5m","10T벽지:스폿그레이",2.5
282153807,"디자인: 스폿그레이 / 벽지종류: 두께5mm / 폭1m (일반형) / 길이(수량추가): +2.5m","5T벽지:스폿그레이",2.5
282153807,"디자인: 스폿화이트 / 벽지종류: 두께10mm / 폭1m (고급형) / 길이(수량추가): +2.5m","10T벽지:스폿화이트",2.5
282153807,"디자인: 스폿화이트 / 벽지종류: 두께5mm / 폭1m (일반형) / 길이(수량추가): +2.5m","5T벽지:스폿화이트",2.5
282153807,"디자인: 오트밀 / 벽지종류: 두께10mm / 폭1m (고급형) / 길이(수량추가): +2.5m","10T벽지:오트밀",2.5
282153807,"디자인: 오트밀 / 벽지종류: 두께5mm / 폭1m (일반형) / 길이(수량추가): +2.5m","5T벽지:오트밀",2.5
2402587673,"디자인: 더블우드 / 사이즈: L [200x140 12T]","더블우드 L [200x140 12T]",L
2402587673,"디자인: 더블우드 / 사이즈: S [180x70 12T]","더블우드 S [180x70 12T]",S
2402587673,"디자인: 더블우드 / 사이즈: XL [240x140 12T]","더블우드 XL [240x140 12T]",XL
2402587673,"디자인: 젤라빈 / 사이즈: L [200x140 12T]","젤라빈 L [200x140 12T]",L
2402587673,"디자인: 젤라빈 / 사이즈: S [180x70 12T]","젤라빈 S [180x70 12T]",S
2402587673,"디자인: 젤라빈 / 사이즈: XL [240x140 12T]","젤라빈 XL [240x140 12T]",XL
2402587673,"디자인: 패브릭트윈 / 사이즈: L [200x140 12T]","패브릭트윈 L [200x140 12T]",L
2402587673,"디자인: 패브릭트윈 / 사이즈: S [180x70 12T]","패브릭트윈 S [180x70 12T]",S
2402587673,"디자인: 패브릭트윈 / 사이즈: XL [240x140 12T]","패브릭트윈 XL [240x140 12T]",XL
2402587673,"디자인: 포레스티아 / 사이즈: L [200x140 12T]","포레스티아 L [200x140 12T]",L
2402587673,"디자인: 포레스티아 / 사이즈: S [180x70 12T]","포레스티아 S [180x70 12T]",S
2402587673,"디자인: 포레스티아 / 사이즈: XL [240x140 12T]","포레스티아 XL [240x140 12T]",XL
2402587673,"디자인: 헤링본트윈 / 사이즈: L [200x140 12T]","헤링본트윈 L [200x140 12T]",L
2402587673,"디자인: 헤링본트윈 / 사이즈: S [180x70 12T]","헤링본트윈 S [180x70 12T]",S
2402587673,"디자인: 헤링본트윈 / 사이즈: XL [240x140 12T]","헤링본트윈 XL [240x140 12T]",XL
4200445704,"디자인 선택: 그레이캔버스 / 두께(폭): 12mm(폭110cm) / 길이(수량추가): 50cm","(110)12T그캔",0.5
4200445704,"디자인 선택: 그레이캔버스 / 두께(폭): 12mm(폭120cm) / 길이(수량추가): 50cm","(120)12T그캔",0.5
4200445704,"디자인 선택: 그레이캔버스 / 두께(폭): 12mm(폭140cm) / 길이(수량추가): 50cm","(140)12T그캔",0.5
4200445704,"디자인 선택: 그레이캔버스 / 두께(폭): 6mm(폭110cm) / 길이(수량추가): 50cm","(110)6T그캔",0.5
4200445704,"디자인 선택: 그레이캔버스 / 두께(폭): 6mm(폭120cm) / 길이(수량추가): 50cm","(120)6T그캔",0.5
4200445704,"디자인 선택: 그레이캔버스 / 두께(폭): 6mm(폭140cm) / 길이(수량추가): 50cm","(140)6T그캔",0.5
4200445704,"디자인 선택: 그레이캔버스 / 두께(폭): 9mm(폭110cm) / 길이(수량추가): 50cm","(110)9T그캔",0.5
4200445704,"디자인 선택: 그레이캔버스 / 두께(폭): 9mm(폭120cm) / 길이(수량추가): 50cm","(120)9T그캔",0.5
4200445704,"디자인 선택: 그레이캔버스 / 두께(폭): 9mm(폭140cm) / 길이(수량추가): 50cm","(140)9T그캔",0.5
4200445704,"디자인 선택: 도그프린트 / 두께(폭): 12mm(폭110cm) / 길이(수량추가): 50cm","(110)12T도그프린",0.5
4200445704,"디자인 선택: 도그프린트 / 두께(폭): 12mm(폭120cm) / 길이(수량추가): 50cm","(120)12T도그프린",0.5
4200445704,"디자인 선택: 도그프린트 / 두께(폭): 12mm(폭140cm) / 길이(수량추가): 50cm","(140)12T도그프린",0.5
4200445704,"디자인 선택: 도그프린트 / 두께(폭): 6mm(폭110cm) / 길이(수량추가): 50cm","(110)6T도그프린",0.5
4200445704,"디자인 선택: 도그프린트 / 두께(폭): 6mm(폭120cm) / 길이(수량추가): 50cm","(120)6T도그프린",0.5
4200445704,"디자인 선택: 도그프린트 / 두께(폭): 6mm(폭140cm) / 길이(수량추가): 50cm","(140)6T도그프린",0.5
4200445704,"디자인 선택: 도그프린트 / 두께(폭): 9mm(폭110cm) / 길이(수량추가): 50cm","(110)9T도그프린",0.5
4200445704,"디자인 선택: 도그프린트 / 두께(폭): 9mm(폭120cm) / 길이(수량추가): 50cm","(120)9T도그프린",0.5
4200445704,"디자인 선택: 도그프린트 / 두께(폭): 9mm(폭140cm) / 길이(수량추가): 50cm","(140)9T도그프린",0.5
4200445704,"디자인 선택: 마블아이보리 / 두께(폭): 6mm(폭110cm) / 길이(수량추가): 50cm","(110)6T마블",0.5
4200445704,"디자인 선택: 마블아이보리 / 두께(폭): 6mm(폭120cm) / 길이(수량추가): 50cm","(120)6T마블",0.5
4200445704,"디자인 선택: 마블아이보리 / 두께(폭): 6mm(폭140cm) / 길이(수량추가): 50cm","(140)6T마블",0.5
4200445704,"디자인 선택: 마블아이보리 / 두께(폭): 9mm(폭110cm) / 길이(수량추가): 50cm","(110)9T마블",0.5
4200445704,"디자인 선택: 마블아이보리 / 두께(폭): 9mm(폭120cm) / 길이(수량추가): 50cm","(120)9T마블",0.5
4200445704,"디자인 선택: 마블아이보리 / 두께(폭): 9mm(폭140cm) / 길이(수량추가): 50cm","(140)9T마블",0.5
4200445704,"디자인 선택: 마블아이보리 / 두께(폭): 12mm(폭110cm) / 길이(수량추가): 50cm","(110)12T마블",0.5
4200445704,"디자인 선택: 마블아이보리 / 두께(폭): 12mm(폭120cm) / 길이(수량추가): 50cm","(120)12T마블",0.5
4200445704,"디자인 선택: 마블아이보리 / 두께(폭): 12mm(폭140cm) / 길이(수량추가): 50cm","(140)12T마블",0.5
4200445704,"디자인 선택: 비글퍼피 / 두께(폭): 12mm(폭110cm) / 길이(수량추가): 50cm","(110)12T비글퍼피",0.5
4200445704,"디자인 선택: 비글퍼피 / 두께(폭): 12mm(폭120cm) / 길이(수량추가): 50cm","(120)12T비글퍼피",0.5
4200445704,"디자인 선택: 비글퍼피 / 두께(폭): 12mm(폭140cm) / 길이(수량추가): 50cm","(140)12T비글퍼피",0.5
4200445704,"디자인 선택: 비글퍼피 / 두께(폭): 6mm(폭110cm) / 길이(수량추가): 50cm","(110)6T비글퍼피",0.5
4200445704,"디자인 선택: 비글퍼피 / 두께(폭): 6mm(폭120cm) / 길이(수량추가): 50cm","(120)6T비글퍼피",0.5
4200445704,"디자인 선택: 비글퍼피 / 두께(폭): 6mm(폭140cm) / 길이(수량추가): 50cm","(140)6T비글퍼피",0.5
4200445704,"디자인 선택: 비글퍼피 / 두께(폭): 9mm(폭110cm) / 길이(수량추가): 50cm","(110)9T비글퍼피",0.5
4200445704,"디자인 선택: 비글퍼피 / 두께(폭): 9mm(폭120cm) / 길이(수량추가): 50cm","(120)9T비글퍼피",0.5
4200445704,"디자인 선택: 비글퍼피 / 두께(폭): 9mm(폭140cm) / 길이(수량추가): 50cm","(140)9T비글퍼피",0.5
4200445704,"디자인 선택: 소프트그레이 / 두께(폭): 12mm(폭110cm) / 길이(수량추가): 50cm","(110)12T소그",0.5
4200445704,"디자인 선택: 소프트그레이 / 두께(폭): 12mm(폭120cm) / 길이(수량추가): 50cm","(120)12T소그",0.5
4200445704,"디자인 선택: 소프트그레이 / 두께(폭): 12mm(폭140cm) / 길이(수량추가): 50cm","(140)12T소그",0.5
4200445704,"디자인 선택: 소프트그레이 / 두께(폭): 6mm(폭110cm) / 길이(수량추가): 50cm","(110)6T소그",0.5
4200445704,"디자인 선택: 소프트그레이 / 두께(폭): 6mm(폭120cm) / 길이(수량추가): 50cm","(120)6T소그",0.5
4200445704,"디자인 선택: 소프트그레이 / 두께(폭): 6mm(폭140cm) / 길이(수량추가): 50cm","(140)6T소그",0.5
4200445704,"디자인 선택: 소프트그레이 / 두께(폭): 9mm(폭110cm) / 길이(수량추가): 50cm","(110)9T소그",0.5
4200445704,"디자인 선택: 소프트그레이 / 두께(폭): 9mm(폭120cm) / 길이(수량추가): 50cm","(120)9T소그",0.5
4200445704,"디자인 선택: 소프트그레이 / 두께(폭): 9mm(폭140cm) / 길이(수량추가): 50cm","(140)9T소그",0.5
4200445704,"디자인 선택: 퓨어아이보리 / 두께(폭): 6mm(폭110cm) / 길이(수량추가): 50cm","(110)6T퓨어",0.5
4200445704,"디자인 선택: 퓨어아이보리 / 두께(폭): 6mm(폭120cm) / 길이(수량추가): 50cm","(120)6T퓨어",0.5
4200445704,"디자인 선택: 퓨어아이보리 / 두께(폭): 6mm(폭140cm) / 길이(수량추가): 50cm","(140)6T퓨어",0.5
4200445704,"디자인 선택: 퓨어아이보리 / 두께(폭): 9mm(폭110cm) / 길이(수량추가): 50cm","(110)9T퓨어",0.5
4200445704,"디자인 선택: 퓨어아이보리 / 두께(폭): 12mm(폭110cm) / 길이(수량추가): 50cm","(110)12T퓨어",0.5
4200445704,"디자인 선택: 퓨어아이보리 / 두께(폭): 12mm(폭120cm) / 길이(수량추가): 50cm","(120)12T퓨어",0.5
4200445704,"디자인 선택: 퓨어아이보리 / 두께(폭): 12mm(폭140cm) / 길이(수량추가): 50cm","(140)12T퓨어",0.5
4670410800,"디자인: 더블우드 / 사이즈: [124x46 12T]","더블우드S[150x46 12T]",S
4670410800,"디자인: 더블우드 / 사이즈: [150x46 12T]","더블우드S[150x46 12T]",S
4670410800,"디자인: 더블우드 / 사이즈: [180x46 12T]","더블우드M[180x46 12T]",M
4670410800,"디자인: 더블우드 / 사이즈: [75x46 11T]","더블우드S[150x46 12T]",S
4670410800,"디자인: 더블우드 / 사이즈: [95x46 12T]","더블우드S[150x46 12T]",S
4670410800,"디자인: 샤이닝스타 / 사이즈: [124x46 12T]","샤이닝스타S[150x46 12T]",S
4670410800,"디자인: 샤이닝스타 / 사이즈: [150x46 12T]","샤이닝스타S[150x46 12T]",S
4670410800,"디자인: 샤이닝스타 / 사이즈: [180x46 12T]","샤이닝스타M[180x46 12T]",M
4670410800,"디자인: 샤이닝스타 / 사이즈: [75x46 11T]","샤이닝스타S[150x46 12T]",S
4670410800,"디자인: 샤이닝스타 / 사이즈: [95x46 12T]","샤이닝스타S[150x46 12T]",S
4670410800,"디자인: 패브릭트윈 / 사이즈: [124x46 12T]","패브릭트윈S[150x46 12T]",S
4670410800,"디자인: 패브릭트윈 / 사이즈: [150x46 12T]","패브릭트윈S[150x46 12T]",S
4670410800,"디자인: 패브릭트윈 / 사이즈: [180x46 12T]","패브릭트윈M[180x46 12T]",M
4670410800,"디자인: 패브릭트윈 / 사이즈: [75x46 11T]","패브릭트윈S[150x46 12T]",S
4670410800,"디자인: 패브릭트윈 / 사이즈: [95x46 12T]","패브릭트윈S[150x46 12T]",S
4670410800,"디자인: 포레스티아 / 사이즈: [124x46 12T]","포레스티아S[150x46 12T]",S
4670410800,"디자인: 포레스티아 / 사이즈: [150x46 12T]","포레스티아S[150x46 12T]",S
4670410800,"디자인: 포레스티아 / 사이즈: [180x46 12T]","포레스티아M[180x46 12T]",M
4670410800,"디자인: 포레스티아 / 사이즈: [75x46 11T]","포레스티아S[150x46 12T]",S
4670410800,"디자인: 포레스티아 / 사이즈: [95x46 12T]","포레스티아S[150x46 12T]",S
4723369915,"길이: 20m","★판매★테이프20m",
4723369915,"길이: 50m","★판매★테이프50m",
5569937047,"디자인: 베이지코튼 / 두께: 결합형 20mm / 구성: 사이드형","TPU20T 베이지코튼 (사)",
5569937047,"디자인: 베이지코튼 / 두께: 결합형 20mm / 구성: 센터형","TPU20T 베이지코튼 (센)",
5569937047,"디자인: 베이지코튼 / 두께: 결합형 20mm / 구성: 코너형","TPU20T 베이지코튼 (코)",
5569937047,"디자인: 베이지코튼 / 두께: 결합형 23mm / 구성: 사이드형","TPU23T 베이지코튼 (사)",
5569937047,"디자인: 베이지코튼 / 두께: 결합형 23mm / 구성: 센터형","TPU23T 베이지코튼 (센)",
5569937047,"디자인: 베이지코튼 / 두께: 결합형 23mm / 구성: 코너형","TPU23T 베이지코튼 (코)",
5569937047,"디자인: 크림마블 / 두께: 결합형 20mm / 구성: 사이드형","TPU20T 크림마블 (사)",사이드형
5569937047,"디자인: 크림마블 / 두께: 결합형 20mm / 구성: 센터형","TPU20T 크림마블 (센)",센터형
5569937047,"디자인: 크림마블 / 두께: 결합형 20mm / 구성: 코너형","TPU20T 크림마블 (코)",코너형
5569937047,"디자인: 크림마블 / 두께: 결합형 23mm / 구성: 사이드형","TPU23T 크림마블 (사)",사이드형
5569937047,"디자인: 크림마블 / 두께: 결합형 23mm / 구성: 센터형","TPU23T 크림마블 (센)",센터형
5569937047,"디자인: 크림마블 / 두께: 결합형 23mm / 구성: 코너형","TPU23T 크림마블 (코)",코너형
5569937047,"디자인: 프렌치바닐라 / 두께: 결합형 20mm / 구성: 사이드형","TPU20T 프렌치바닐라 (사)",
5569937047,"디자인: 프렌치바닐라 / 두께: 결합형 20mm / 구성: 센터형","TPU20T 프렌치바닐라 (센)",
5569937047,"디자인: 프렌치바닐라 / 두께: 결합형 20mm / 구성: 코너형","TPU20T 프렌치바닐라 (코)",
5569937047,"디자인: 프렌치바닐라 / 두께: 결합형 23mm / 구성: 사이드형","TPU23T 프렌치바닐라 (사)",
5569937047,"디자인: 프렌치바닐라 / 두께: 결합형 23mm / 구성: 센터형","TPU23T 프렌치바닐라 (센)",
5569937047,"디자인: 프렌치바닐라 / 두께: 결합형 23mm / 구성: 코너형","TPU23T 프렌치바닐라 (코)",
5569937047,"디자인: 화이트마블 / 두께: 결합형 20mm / 구성: 사이드형","TPU20T 화이트마블 (사)",사이드형
5569937047,"디자인: 화이트마블 / 두께: 결합형 20mm / 구성: 센터형","TPU20T 화이트마블 (센)",센터형
5569937047,"디자인: 화이트마블 / 두께: 결합형 20mm / 구성: 코너형","TPU20T 화이트마블 (코)",코너형
5569937047,"디자인: 화이트마블 / 두께: 결합형 23mm / 구성: 사이드형","TPU23T 화이트마블 (사)",사이드형
5569937047,"디자인: 화이트마블 / 두께: 결합형 23mm / 구성: 센터형","TPU23T 화이트마블 (센)",센터형
5569937047,"디자인: 화이트마블 / 두께: 결합형 23mm / 구성: 코너형","TPU23T 화이트마블 (코)",코너형
5994906898,"제품 타입: 퍼즐매트 / 색상: 라이트그레이 / (두께)사이즈: (25mm) 100x100 1장","25T(퍼즐)그레이(100)",
5994906898,"제품 타입: 퍼즐매트 / 색상: 라이트그레이 / (두께)사이즈: (25mm) 50x50 4장","25T(퍼즐)그레이(50)",
5994906898,"제품 타입: 퍼즐매트 / 색상: 바닐라아이보리 / (두께)사이즈: (25mm) 100x100 1장","25T(퍼즐)아이보리(100)",
5994906898,"제품 타입: 퍼즐매트 / 색상: 바닐라아이보리 / (두께)사이즈: (25mm) 50x50 4장","25T(퍼즐)아이보리(50)",
5994906898,"제품 타입: 퍼즐매트 / 색상: 바닐라아이보리 / (두께)사이즈: (40mm) 100x100 1장","40T(퍼즐)아이보리(100)",
5994906898,"제품 타입: 퍼즐매트 / 색상: 바닐라아이보리 / (두께)사이즈: (40mm) 50x50 4장","40T(퍼즐)아이보리(50)",
5994906898,"제품 타입: 퍼즐매트 / 색상: 스카이블루 / (두께)사이즈: (25mm) 100x100 1장","25T(퍼즐)블루(100)",
5994906898,"제품 타입: 퍼즐매트 / 색상: 스카이블루 / (두께)사이즈: (25mm) 50x50 4장","25T(퍼즐)블루(50)",
5994906898,"제품 타입: 퍼즐매트 / 색상: 파스텔핑크 / (두께)사이즈: (25mm) 100x100 1장","25T(퍼즐)핑크(100)",
5994906898,"제품 타입: 퍼즐매트 / 색상: 파스텔핑크 / (두께)사이즈: (25mm) 50x50 4장","25T(퍼즐)핑크(50)",
5994906898,"제품 타입:  / 색상: 바닐라아이보리 / (두께)사이즈: (25mm) 100x100 1장","플러스(PLUS)25T아이(100)",
5994906898,"제품 타입:  / 색상: 바닐라아이보리 / (두께)사이즈: (25mm) 50x50 4장","플러스(PLUS)25T아이(50)",
5994906898,"제품 타입:  / 색상: 크림그레이 / (두께)사이즈: (25mm) 100x100 1장","플러스(PLUS)25T크림그레이(100)",
5994906898,"제품 타입:  / 색상: 크림그레이 / (두께)사이즈: (25mm) 50x50 4장","플러스(PLUS)25T크림그레이(50)",